User_ID, Product_ID, Category, Price (Rs.), Discount (%), Final_Price(Rs.), Payment_Method, Purchase_Date, Total_Sales, Formatted_Purchase_Date
_c0,_c1,_c2,_c3,_c4,_c5,_c6,_c7,_c8,_c9
337c166f,f414122f-e,Sports,36.53,15,31.05,Net Banking,12-11-2024,26.3925,None
d38a19bf,fde50f9c-5,Clothing,232.79,20,186.23,Net Banking,09-02-2024,148.983994140625,None
d7f5f0b0,0d96fc90-3,Sports,317.02,25,237.76,Credit Card,01-09-2024,178.32,None
395d4994,964fc44b-d,Toys,173.19,25,129.89,UPI,01-04-2024,97.4175,None
a83c145c,d70e2fc6-e,Beauty,244.8,20,195.84,Net Banking,27-09-2024,156.6719921875,None
3fdcdae8,0816ee12-5,Books,241.86,50,120.93,UPI,08-08-2024,60.465,None
12772337,d41e0b55-c,Toys,76.91,5,73.06,Credit Card,28-03-2024,69.4069970703125,None
9f0194af,83b7dc04-5,Sports,213.23,20,170.58,Net Banking,29-05-2024,136.46400390625,None
7a8559d8,87c9c896-1,Sports,379.81,5,360.82,Credit Card,26-02-2024,342.7790234375,None
8911f0d1,31308875-b,Home & Kitchen,415.36,50,207.68,Net Banking,11-01-2024,103.84,None
98857e41,b2b1af7b-7,Books,73.09,10,65.78,Cash on Delivery,21-10-2024,59.2019970703125,None
3b857e65,e221cf14-c,Beauty,393.77,15,334.7,Cash on Delivery,10-09-2024,284.49501953125,None
204fab33,8c9a5f54-b,Home & Kitchen,287.69,10,258.92,Credit Card,08-03-2024,233.0280078125,None
88159234,eeb0635d-a,Sports,26.26,50,13.13,Credit Card,10-05-2024,6.565,None
8c1f2f98,38aec303-2,Clothing,305.1,25,228.83,UPI,20-06-2024,171.6225,None
a84d7206,69d91fbc-3,Home & Kitchen,113.71,5,108.02,Credit Card,28-04-2024,102.618994140625,None
4578c08e,928b4b24-d,Toys,426.75,0,426.75,Net Banking,17-08-2024,426.75,None
ba3964fa,12f03ff4-6,Home & Kitchen,52.98,0,52.98,Net Banking,08-08-2024,52.98,None
78595586,729191af-4,Electronics,223.89,0,223.89,Cash on Delivery,13-06-2024,223.89,None
195e0c14,089c1cdd-0,Clothing,166.75,0,166.75,Debit Card,23-09-2024,166.75,None
7f6e9ab5,a38a732e-9,Home & Kitchen,77.22,15,65.64,Cash on Delivery,01-06-2024,55.7939990234375,None
d33a1a62,4c021051-3,Toys,28.6,25,21.45,Credit Card,19-04-2024,16.0875,None
427a8468,e57d04f5-d,Books,395.73,15,336.37,Cash on Delivery,07-11-2024,285.9144921875,None
97f18950,b1d2560c-7,Home & Kitchen,351.87,0,351.87,Net Banking,31-08-2024,351.87,None
426308a5,4dc7c4a3-8,Toys,257.14,20,205.71,Net Banking,14-09-2024,164.5680078125,None
57c601ea,ce353020-f,Sports,332.0,20,265.6,Net Banking,03-02-2024,212.48,None
a429364b,7fd8663b-b,Toys,375.59,30,262.91,Net Banking,14-04-2024,184.03701171875,None
928bddf9,b338a0b6-7,Beauty,235.13,25,176.35,UPI,06-08-2024,132.2625,None
0f32a6f6,df52cac6-d,Electronics,352.95,50,176.47,UPI,05-08-2024,88.235,None
d71af9e5,d384b62b-c,Toys,245.98,15,209.08,Cash on Delivery,28-06-2024,177.7180078125,None
b0d1473b,7004654f-0,Toys,389.72,10,350.75,Debit Card,22-04-2024,315.675,None
9b99bfb0,5bfb14c4-f,Home & Kitchen,88.07,30,61.65,UPI,07-10-2024,43.155,None
de4cdcdd,411c40d9-1,Beauty,40.78,50,20.39,Cash on Delivery,20-03-2024,10.195,None
5f57fbd4,d5b42863-c,Toys,105.1,25,78.82,Net Banking,10-03-2024,59.115,None
87f21131,b896f670-9,Home & Kitchen,224.52,50,112.26,Debit Card,21-05-2024,56.13,None
f7d6dfab,6b5e4a98-0,Books,300.81,5,285.77,Debit Card,01-06-2024,271.481484375,None
ca363a04,7f05dd28-6,Toys,24.17,25,18.13,Credit Card,15-01-2024,13.597498779296876,None
68d24203,3e56a630-e,Clothing,95.41,15,81.1,Debit Card,21-04-2024,68.935,None
0ae7336e,1dc3b1a0-4,Clothing,490.77,10,441.69,UPI,03-08-2024,397.521015625,None
72343250,cc379a88-b,Electronics,188.07,50,94.03,Debit Card,01-07-2024,47.015,None
021adfb6,1695a728-0,Home & Kitchen,319.29,5,303.33,Credit Card,20-02-2024,288.16349609375,None
a9f47880,c66354db-6,Toys,403.4,10,363.06,Net Banking,25-08-2024,326.75400390625,None
005258a0,273c5035-2,Electronics,303.14,0,303.14,Debit Card,17-05-2024,303.14001953125,None
5e088877,74b72b2f-7,Home & Kitchen,337.81,25,253.36,Credit Card,18-06-2024,190.02,None
f2e7bcc0,5e059f5f-7,Clothing,449.74,10,404.77,Cash on Delivery,15-09-2024,364.2930078125,None
5a1d9851,dd5071f5-c,Sports,272.92,30,191.04,Net Banking,12-05-2024,133.727998046875,None
cc672bd7,db828c6d-0,Home & Kitchen,432.89,15,367.96,Credit Card,25-02-2024,312.76599609375,None
5c2f954d,db26458e-0,Home & Kitchen,310.86,10,279.77,UPI,30-10-2024,251.79298828125,None
d5daed7a,ee59d876-b,Beauty,479.19,0,479.19,Debit Card,11-08-2024,479.19,None
0b32dc6f,919b53bb-2,Home & Kitchen,350.61,10,315.55,Debit Card,03-06-2024,283.99498046875,None
a151d3b5,159dca37-7,Books,154.62,50,77.31,Net Banking,08-10-2024,38.655,None
e9fde811,af65c4a5-5,Toys,435.6,50,217.8,Net Banking,04-04-2024,108.9,None
932c893c,847e77d3-d,Toys,400.31,25,300.23,Net Banking,03-08-2024,225.1725,None
b98d8283,e907e57c-b,Electronics,15.81,25,11.86,UPI,08-05-2024,8.895,None
4319ad38,f8495894-2,Toys,35.25,15,29.96,UPI,11-01-2024,25.46599853515625,None
0b204db3,be68a8d8-7,Electronics,414.76,0,414.76,Debit Card,30-06-2024,414.76,None
eb65d1ca,e964198d-7,Toys,334.47,30,234.13,Debit Card,25-08-2024,163.89099609375,None
2ce76c47,c834b41d-5,Home & Kitchen,178.39,25,133.79,UPI,04-10-2024,100.342490234375,None
e186c635,c4ddee78-e,Books,237.95,15,202.26,Net Banking,22-10-2024,171.92099609375,None
8e9eae19,59718054-8,Electronics,458.12,15,389.4,UPI,29-08-2024,330.99,None
1100831a,0a46a91c-d,Beauty,286.5,5,272.18,Credit Card,10-08-2024,258.57099609375,None
64b48c94,07ce9e62-a,Sports,10.78,10,9.7,Net Banking,22-08-2024,8.73,None
88e9aac9,baff7ab2-1,Beauty,342.66,30,239.86,UPI,24-07-2024,167.9019921875,None
a87b658a,2449a91f-2,Sports,225.17,30,157.62,Cash on Delivery,16-09-2024,110.333994140625,None
f92a5812,273ceb78-0,Clothing,405.45,25,304.09,UPI,18-07-2024,228.0675,None
158e8085,04dcad68-2,Beauty,112.45,0,112.45,Credit Card,07-07-2024,112.45,None
179ae4c5,6d1089e4-9,Books,380.81,20,304.65,Credit Card,01-04-2024,243.72,None
79aff6cb,32452d43-a,Sports,394.12,25,295.59,Credit Card,09-03-2024,221.6925,None
4e082c18,df40cf3d-6,Sports,334.77,15,284.55,Cash on Delivery,29-01-2024,241.86748046875,None
3a475b95,42559644-1,Clothing,125.65,10,113.09,UPI,27-02-2024,101.78099609375,None
57633cda,54c501ae-e,Toys,202.26,20,161.81,Cash on Delivery,13-09-2024,129.447998046875,None
3f09b3c3,893343d5-d,Clothing,173.51,20,138.81,Net Banking,28-01-2024,111.047998046875,None
12574fb0,ade73cc0-5,Toys,30.8,50,15.4,UPI,28-04-2024,7.7,None
6b92aea5,663d067f-2,Home & Kitchen,305.93,10,275.34,Cash on Delivery,19-10-2024,247.80599609375,None
cf929cc7,bc84dcb8-5,Clothing,282.5,5,268.38,Cash on Delivery,14-04-2024,254.96099609375,None
c73916c0,56c95db1-7,Books,274.87,50,137.44,Net Banking,17-09-2024,68.72,None
ddae0858,4dd272cd-4,Electronics,93.08,20,74.46,Net Banking,11-03-2024,59.567998046875,None
616fca83,c893a571-b,Home & Kitchen,274.11,15,232.99,Credit Card,17-10-2024,198.04150390625,None
0ac5e876,60e53d02-0,Sports,362.61,0,362.61,Cash on Delivery,21-11-2024,362.61,None
5d31e0f4,568f353e-6,Electronics,486.62,25,364.97,Net Banking,09-01-2024,273.7275,None
04cdb11d,c2d4aa98-b,Home & Kitchen,336.49,20,269.19,Cash on Delivery,03-09-2024,215.3519921875,None
e54b0416,ec8c9491-b,Toys,454.39,25,340.79,Credit Card,04-09-2024,255.5925,None
0d9f9cc3,dd1ca92d-a,Home & Kitchen,215.44,50,107.72,UPI,22-06-2024,53.86,None
8c2e8d5f,0fa064a8-d,Clothing,33.02,15,28.07,UPI,18-09-2024,23.85949951171875,None
849f6eb8,2ad0fe64-8,Toys,138.83,10,124.95,Net Banking,18-06-2024,112.455,None
6964d7bb,9a0a1741-8,Books,490.71,5,466.17,Debit Card,10-03-2024,442.8615234375,None
f9941dc2,b46f5c60-7,Toys,280.66,15,238.56,Debit Card,11-11-2024,202.77599609375,None
aa8f723f,214f0eed-f,Books,327.4,30,229.18,Debit Card,11-09-2024,160.42599609375,None
0f78333d,c70fab41-e,Books,309.67,25,232.25,UPI,04-09-2024,174.1875,None
94aa211f,fcbc5388-0,Books,292.67,25,219.5,Credit Card,13-02-2024,164.625,None
414b8fad,2257fd97-e,Clothing,40.87,15,34.74,Net Banking,11-03-2024,29.52900146484375,None
8f081976,34a952b4-a,Clothing,455.19,15,386.91,Net Banking,05-10-2024,328.873515625,None
41622516,5d9e94f3-1,Toys,312.3,10,281.07,UPI,31-01-2024,252.9630078125,None
0b3c2c9f,4ff5749c-e,Sports,193.28,10,173.95,UPI,11-06-2024,156.555,None
b7f89b7e,74aeba43-c,Electronics,216.18,30,151.33,Credit Card,27-03-2024,105.931005859375,None
458ce5f7,2228c622-f,Electronics,81.41,5,77.34,Cash on Delivery,20-02-2024,73.472998046875,None
b9fabe54,e907f4d3-9,Beauty,496.05,5,471.25,Debit Card,09-01-2024,447.6875,None
2403105a,a7298172-c,Sports,357.54,15,303.91,Cash on Delivery,15-06-2024,258.32349609375,None
7a5f0316,4118f1cc-3,Electronics,133.93,0,133.93,Cash on Delivery,24-04-2024,133.929990234375,None
e0424124,3b0a706d-2,Clothing,90.2,10,81.18,Debit Card,28-01-2024,73.062001953125,None
b717743a,cd9ba20a-7,Books,431.44,50,215.72,UPI,28-01-2024,107.86,None
82d284f0,ec8c3655-e,Home & Kitchen,42.98,5,40.83,UPI,07-09-2024,38.7885009765625,None
83732a37,b3525981-b,Sports,182.04,0,182.04,UPI,23-08-2024,182.04,None
d8e5dd07,3d832b43-e,Beauty,83.58,20,66.86,Net Banking,01-04-2024,53.487998046875,None
458c8213,c40efcc0-2,Clothing,92.92,10,83.63,Credit Card,02-04-2024,75.2669970703125,None
b955c6ec,268ce5a6-f,Toys,388.1,25,291.08,Cash on Delivery,28-06-2024,218.30998046875,None
1a4639c6,9822591f-3,Beauty,417.57,50,208.78,UPI,22-02-2024,104.39,None
b3cb8c3c,707c9b5c-c,Sports,322.93,5,306.78,Credit Card,03-01-2024,291.44099609375,None
3043e68e,cfe90194-b,Toys,257.21,5,244.35,UPI,05-09-2024,232.1325,None
ffda329b,bf258db9-2,Home & Kitchen,29.92,50,14.96,Debit Card,01-05-2024,7.48,None
b2ab489e,137695d9-6,Home & Kitchen,239.67,15,203.72,UPI,27-01-2024,173.1619921875,None
56c6e554,f477647f-5,Beauty,163.3,30,114.31,Credit Card,31-05-2024,80.0169970703125,None
03ec5d73,5b91457c-3,Books,135.62,30,94.93,UPI,01-09-2024,66.4510009765625,None
3f20311f,c0712648-3,Toys,61.84,50,30.92,Net Banking,19-04-2024,15.46,None
d5fb8686,412992e4-9,Sports,496.36,25,372.27,Credit Card,30-07-2024,279.2025,None
a3df5dd4,40ca8015-7,Toys,107.11,30,74.98,Net Banking,29-04-2024,52.4860009765625,None
8fa5b154,bc26060a-5,Electronics,384.8,25,288.6,Credit Card,07-10-2024,216.45,None
f9b0b9bf,7f74df77-2,Toys,377.75,50,188.88,Credit Card,25-05-2024,94.44,None
6b395741,aef8a1b7-f,Home & Kitchen,285.18,0,285.18,Net Banking,24-05-2024,285.18,None
367debf4,dbc17060-e,Books,187.86,0,187.86,UPI,24-02-2024,187.86,None
51dc4386,87d16f8f-2,Sports,440.5,50,220.25,Net Banking,24-09-2024,110.125,None
6b4ec06c,4c54fc1d-0,Beauty,124.56,0,124.56,Credit Card,16-04-2024,124.56,None
313b6efb,7f15c4cf-6,Beauty,236.7,0,236.7,Cash on Delivery,16-09-2024,236.7,None
c68d813a,a95d5384-7,Clothing,397.16,30,278.01,Cash on Delivery,11-10-2024,194.60701171875,None
3b327b6e,69ac51ab-8,Beauty,248.95,15,211.61,Debit Card,14-04-2024,179.86849609375,None
bba6b57f,d516e842-3,Sports,123.71,50,61.85,UPI,12-10-2024,30.925,None
98a9ccae,d706b082-4,Electronics,62.46,30,43.72,Debit Card,18-11-2024,30.60400146484375,None
021b5be9,459a15e9-f,Electronics,451.3,20,361.04,Cash on Delivery,12-06-2024,288.83201171875,None
2ea44e9d,4ccbd0eb-8,Sports,320.09,0,320.09,UPI,15-03-2024,320.09,None
ccab3064,7b348c44-0,Toys,51.73,30,36.21,Debit Card,21-05-2024,25.34699951171875,None
ab1add51,ced724ce-2,Toys,388.94,20,311.15,Net Banking,21-05-2024,248.92,None
f979e9ea,4cebabca-e,Sports,85.98,20,68.78,Credit Card,14-05-2024,55.0239990234375,None
8f30f97d,6b4b6852-a,Home & Kitchen,460.89,10,414.8,Debit Card,18-05-2024,373.32,None
b8e38e07,61a3694b-7,Home & Kitchen,492.64,20,394.11,Credit Card,07-07-2024,315.28798828125,None
b1fe155c,4843631e-4,Sports,86.95,25,65.21,Cash on Delivery,05-08-2024,48.9075,None
9daac50a,b503bda4-8,Beauty,416.65,15,354.15,Net Banking,05-07-2024,301.0275,None
02f68644,c6e0579d-9,Toys,155.75,50,77.88,Credit Card,22-07-2024,38.93999755859375,None
ab51add8,b93bd2ee-b,Clothing,238.9,25,179.18,Cash on Delivery,17-04-2024,134.384990234375,None
173a7d55,cf9bf8ad-9,Beauty,470.33,0,470.33,Credit Card,12-04-2024,470.33,None
c9939103,7ae18ecd-b,Toys,62.48,20,49.98,UPI,02-06-2024,39.9839990234375,None
46b35e44,9f5d4e87-5,Home & Kitchen,317.67,20,254.14,Net Banking,10-02-2024,203.3119921875,None
1b4424dd,0de24149-d,Beauty,33.21,20,26.57,Net Banking,14-03-2024,21.2560009765625,None
16b4c497,b1cd2571-8,Books,118.52,5,112.59,Net Banking,11-04-2024,106.960498046875,None
ebbfafc3,6518b3f5-9,Clothing,376.63,15,320.14,Credit Card,07-05-2024,272.11900390625,None
f2c0a566,2a0374d2-e,Beauty,428.47,0,428.47,Credit Card,15-03-2024,428.47,None
34dad111,119fec0d-2,Beauty,462.91,20,370.33,Cash on Delivery,02-07-2024,296.263984375,None
aa7bdfa3,9e012e67-8,Electronics,385.98,15,328.08,Net Banking,08-05-2024,278.86798828125,None
251c90d9,4b06ab84-e,Clothing,311.0,25,233.25,Net Banking,31-07-2024,174.9375,None
598efd02,68235070-2,Toys,268.49,25,201.37,UPI,09-05-2024,151.0275,None
c5642517,477dbdaa-9,Toys,185.46,10,166.91,Net Banking,12-06-2024,150.21900390625,None
5e8aed36,e83298b7-c,Electronics,267.4,5,254.03,Cash on Delivery,19-04-2024,241.32849609375,None
7be076d6,968716f9-d,Home & Kitchen,203.43,5,193.26,Debit Card,23-09-2024,183.5969921875,None
41118f59,5b7f1241-9,Books,171.63,50,85.81,Net Banking,21-02-2024,42.905,None
2da125c1,69a949eb-b,Electronics,326.01,0,326.01,UPI,11-10-2024,326.01,None
d6b94141,e2a4b6ca-c,Electronics,147.71,0,147.71,Net Banking,09-06-2024,147.710009765625,None
823e9a88,90518d68-1,Clothing,390.2,0,390.2,Net Banking,02-02-2024,390.2,None
7391f331,1ee7bc15-5,Home & Kitchen,406.06,50,203.03,UPI,24-03-2024,101.515,None
6bdb1d9e,7b5dd212-c,Books,268.42,5,255.0,Credit Card,10-03-2024,242.25,None
ab7273bc,eb1e3cad-b,Beauty,210.36,10,189.32,Cash on Delivery,17-11-2024,170.3880078125,None
839f23dc,2838f818-c,Home & Kitchen,285.47,20,228.38,Net Banking,01-06-2024,182.70400390625,None
42385946,9d19438f-d,Toys,494.46,10,445.01,Credit Card,18-08-2024,400.5090234375,None
c7978493,c45f28ae-1,Clothing,287.09,20,229.67,Debit Card,10-04-2024,183.73599609375,None
b6df8c21,0f772bf6-b,Clothing,378.27,0,378.27,Cash on Delivery,29-03-2024,378.27,None
c112eed4,42cf5d2e-e,Clothing,23.54,20,18.83,Debit Card,11-07-2024,15.064000244140624,None
92e87211,b2969904-5,Clothing,383.58,10,345.22,UPI,07-06-2024,310.6980078125,None
a7a46866,8d276b60-e,Sports,41.61,15,35.37,Credit Card,05-11-2024,30.06449951171875,None
a1adb0ae,d13b913f-9,Toys,261.57,50,130.78,Debit Card,20-07-2024,65.39,None
f30003fb,5c2c5955-3,Electronics,251.32,5,238.75,Credit Card,28-06-2024,226.8125,None
73bfc396,bc3bb60a-5,Sports,72.43,50,36.22,Debit Card,15-09-2024,18.11,None
3e41585f,27e9782e-5,Sports,421.0,10,378.9,Net Banking,03-07-2024,341.01,None
599dbf81,ab7ff487-1,Books,422.02,30,295.41,Debit Card,07-06-2024,206.78701171875,None
7cb6d3eb,d5c83689-d,Toys,219.83,5,208.84,Credit Card,13-10-2024,198.39798828125,None
73a54189,b7af74f2-2,Electronics,242.33,15,205.98,Net Banking,10-05-2024,175.08298828125,None
13649191,4750a3de-4,Clothing,334.28,15,284.14,Cash on Delivery,07-05-2024,241.51900390625,None
fea0052e,7b7268d8-6,Books,148.21,50,74.11,Net Banking,22-08-2024,37.055,None
a0968a8d,1f251a5e-3,Home & Kitchen,275.11,50,137.56,Net Banking,25-08-2024,68.78,None
cd1f4cd0,8e964181-6,Home & Kitchen,211.85,20,169.48,UPI,28-05-2024,135.583994140625,None
82f860f7,5a8e414b-b,Sports,497.4,50,248.7,Debit Card,08-08-2024,124.35,None
51dacac1,65a4da6f-6,Beauty,368.74,5,350.3,UPI,26-02-2024,332.785,None
38a1e970,5a55a846-e,Home & Kitchen,260.82,0,260.82,Credit Card,05-02-2024,260.82,None
d0d5e3b0,7ce94426-b,Beauty,394.35,15,335.2,Net Banking,06-03-2024,284.92001953125,None
4ff8266f,f391d9be-7,Home & Kitchen,459.03,20,367.22,Credit Card,11-08-2024,293.77599609375,None
faff6ffa,cde121ac-d,Beauty,377.99,10,340.19,Debit Card,26-07-2024,306.17099609375,None
8c3265d7,08562850-3,Sports,269.87,50,134.94,UPI,06-08-2024,67.47,None
8a00dc54,4263e65c-c,Beauty,458.8,50,229.4,Net Banking,25-06-2024,114.7,None
3d0aec60,43630740-4,Home & Kitchen,414.08,20,331.26,Net Banking,03-04-2024,265.0080078125,None
4f231045,c3297364-0,Clothing,496.06,15,421.65,Debit Card,20-10-2024,358.4025,None
72a44b20,4d7b33d6-4,Books,295.86,30,207.1,UPI,29-10-2024,144.97,None
c34605d2,16ee2335-1,Home & Kitchen,430.43,0,430.43,UPI,02-10-2024,430.43,None
f836adad,be9ec030-d,Sports,169.71,25,127.28,Credit Card,08-07-2024,95.46,None
aec17f43,6eaed388-2,Clothing,315.8,0,315.8,Net Banking,20-11-2024,315.79998046875,None
f1cbd9ed,31de3bd2-f,Home & Kitchen,154.33,25,115.75,Credit Card,04-08-2024,86.8125,None
7c8bf4b9,88870a57-4,Home & Kitchen,197.33,25,148.0,Credit Card,22-08-2024,111.0,None
a5cda6c8,df236be6-3,Toys,270.73,20,216.58,Net Banking,06-08-2024,173.26400390625,None
c55dd505,0a074647-b,Home & Kitchen,261.23,20,208.98,Cash on Delivery,13-11-2024,167.18400390625,None
f666dd75,88ef8a42-2,Home & Kitchen,334.87,50,167.44,Cash on Delivery,14-11-2024,83.72,None
c2eefc6e,a0e0a691-6,Beauty,266.2,0,266.2,UPI,14-11-2024,266.20001953125,None
4b3752aa,8afa06d8-5,Home & Kitchen,169.53,50,84.77,Credit Card,06-03-2024,42.385,None
5984c518,cc75f240-f,Clothing,332.57,0,332.57,Net Banking,18-02-2024,332.57,None
ba0d460e,0cf80cb2-8,Toys,398.85,10,358.97,Debit Card,23-09-2024,323.0730078125,None
e0f55269,6b4cb792-5,Home & Kitchen,180.6,0,180.6,UPI,24-09-2024,180.6,None
7bdff67a,eabbc369-2,Books,433.59,25,325.19,Debit Card,14-01-2024,243.8925,None
10c31378,9883b500-1,Home & Kitchen,20.74,10,18.67,UPI,01-09-2024,16.80300048828125,None
e651377e,a8f16266-b,Electronics,17.01,30,11.91,Net Banking,24-05-2024,8.337000122070313,None
ba678df8,da23cfa7-8,Electronics,34.13,50,17.07,Cash on Delivery,09-03-2024,8.535,None
49a759a7,6998026b-c,Home & Kitchen,11.14,15,9.47,Credit Card,19-03-2024,8.049500122070313,None
abb2fa33,bf309230-0,Home & Kitchen,206.97,0,206.97,Net Banking,25-10-2024,206.97,None
a3b63775,f10370ff-5,Home & Kitchen,353.08,50,176.54,Credit Card,23-08-2024,88.27,None
1c816115,5fe989c9-0,Sports,67.36,25,50.52,Net Banking,10-11-2024,37.89,None
74ba5569,18a5e79d-9,Books,203.49,30,142.44,Net Banking,30-04-2024,99.707998046875,None
e0a14854,8d0bdad7-4,Clothing,246.98,30,172.89,UPI,11-05-2024,121.022998046875,None
171a2e71,928d77c4-3,Books,368.25,20,294.6,Credit Card,16-11-2024,235.68,None
c7cd48dd,f383159c-4,Books,327.19,20,261.75,Debit Card,02-11-2024,209.4,None
b7380b04,8d255132-b,Sports,274.65,20,219.72,Debit Card,08-11-2024,175.77599609375,None
d799d699,2cbe2f6f-c,Electronics,369.15,0,369.15,Credit Card,19-06-2024,369.15,None
d374b1f9,9ea32af8-e,Clothing,84.26,5,80.05,Cash on Delivery,16-10-2024,76.0475048828125,None
e8492835,65ac8845-c,Books,255.74,25,191.81,UPI,04-06-2024,143.8575,None
3efbfc39,93a8561e-7,Sports,440.74,30,308.52,Cash on Delivery,11-09-2024,215.963984375,None
b267883f,41fbbdbc-9,Electronics,316.84,25,237.63,Debit Card,25-05-2024,178.2225,None
978ce91d,e2cdb444-c,Beauty,199.88,10,179.89,Net Banking,20-01-2024,161.90099609375,None
4062921e,bcdf7628-1,Home & Kitchen,389.85,30,272.89,Net Banking,20-07-2024,191.0230078125,None
2fb9f48b,1115a4cc-1,Sports,317.98,5,302.08,Credit Card,23-07-2024,286.97599609375,None
aa744c61,a1d355b7-1,Home & Kitchen,165.06,30,115.54,Debit Card,12-11-2024,80.8780029296875,None
121bdf3e,a0354415-2,Books,192.48,15,163.61,Credit Card,05-06-2024,139.06849609375,None
6894c5b0,96ef0dc9-6,Home & Kitchen,106.34,20,85.07,UPI,11-04-2024,68.0560009765625,None
152a3010,bc8f50c4-2,Electronics,404.92,50,202.46,Debit Card,22-10-2024,101.23,None
cc1c878a,8a124bf1-f,Toys,289.62,10,260.66,Net Banking,28-07-2024,234.59400390625,None
02d317f1,7951f51e-0,Beauty,129.89,5,123.4,Debit Card,21-04-2024,117.23,None
4789f600,28cfa86a-5,Home & Kitchen,41.2,5,39.14,Net Banking,15-07-2024,37.18300048828125,None
f2e4ad50,612b78d4-f,Clothing,208.08,15,176.87,UPI,15-11-2024,150.3394921875,None
b721c64b,b91ead40-7,Sports,114.84,20,91.87,Cash on Delivery,17-06-2024,73.4960009765625,None
30d3fca9,88c4fbee-6,Toys,430.16,20,344.13,UPI,31-01-2024,275.30400390625,None
1e02db52,12e1e7b7-7,Sports,431.98,25,323.99,UPI,06-01-2024,242.9925,None
ccdec6cd,743ba069-f,Home & Kitchen,472.77,20,378.22,Cash on Delivery,29-03-2024,302.57599609375,None
72baa45f,4ee2c2d6-9,Sports,473.18,50,236.59,Debit Card,24-10-2024,118.295,None
f3498014,1c303802-d,Books,205.06,25,153.8,Cash on Delivery,13-08-2024,115.35,None
d4438986,fe1e6a78-9,Beauty,485.71,20,388.57,Credit Card,07-06-2024,310.856015625,None
b7ce73a5,3ba8563c-f,Sports,84.28,10,75.85,Cash on Delivery,23-09-2024,68.265,None
56c899ff,afda448a-a,Books,189.84,20,151.87,Credit Card,08-03-2024,121.49599609375,None
8d6c950e,916025c8-f,Sports,366.4,15,311.44,Net Banking,12-09-2024,264.72400390625,None
dcfc3adc,ece88ff7-0,Clothing,93.05,50,46.52,Cash on Delivery,15-05-2024,23.26,None
94ed2dce,9083e49d-7,Toys,398.16,5,378.25,Credit Card,19-04-2024,359.3375,None
7341f194,c69635d9-f,Sports,326.51,20,261.21,Debit Card,27-05-2024,208.96798828125,None
295a2e0b,23e7a67d-1,Toys,367.98,5,349.58,Credit Card,11-02-2024,332.1009765625,None
480b55c6,7bbba576-7,Toys,424.14,50,212.07,Debit Card,06-09-2024,106.035,None
4bd29822,948a3b40-d,Clothing,359.51,30,251.66,UPI,12-05-2024,176.16201171875,None
11d1ef2a,b6bfe4cb-f,Toys,187.2,25,140.4,Net Banking,28-05-2024,105.3,None
c6952c07,56f9b336-5,Home & Kitchen,232.12,5,220.51,UPI,27-08-2024,209.4844921875,None
171c325f,ce4c61d2-d,Sports,236.78,25,177.59,Net Banking,23-06-2024,133.1925,None
ed799954,d2f40c10-8,Sports,439.4,10,395.46,Cash on Delivery,03-04-2024,355.913984375,None
4e3e6bab,3d8c1bc0-8,Toys,133.33,5,126.66,Credit Card,19-05-2024,120.327001953125,None
29b1dbdf,1bec4273-5,Beauty,199.31,5,189.34,UPI,31-08-2024,179.87298828125,None
11692893,e570765e-b,Electronics,143.68,10,129.31,UPI,02-08-2024,116.378994140625,None
6258f6d7,be05d6b5-2,Home & Kitchen,313.37,15,266.36,UPI,28-07-2024,226.40599609375,None
ade66e84,06ea5adb-3,Electronics,311.05,30,217.73,Net Banking,27-04-2024,152.41099609375,None
7bad321f,0d1765cc-2,Beauty,71.34,0,71.34,UPI,10-09-2024,71.3399951171875,None
cf78ab9a,23eca2e3-4,Books,354.11,0,354.11,Debit Card,29-06-2024,354.11,None
a1573efd,00bb902e-c,Books,163.91,10,147.52,Cash on Delivery,22-09-2024,132.7680078125,None
8f87ab8c,c1cbbee6-d,Clothing,460.83,30,322.58,Cash on Delivery,17-02-2024,225.80599609375,None
3be9cded,8730a0ee-7,Beauty,49.61,20,39.69,Credit Card,17-04-2024,31.75199951171875,None
c0895f76,9869b403-1,Clothing,325.51,15,276.68,Debit Card,10-11-2024,235.17798828125,None
52d2c78c,7936a1cb-1,Books,394.16,10,354.74,Net Banking,02-11-2024,319.26599609375,None
b53aa320,a49efe9f-9,Home & Kitchen,440.11,5,418.1,Debit Card,19-09-2024,397.195,None
fe747fa8,c0b10d64-7,Books,94.52,30,66.16,Cash on Delivery,10-10-2024,46.312001953125,None
fab2b55b,474c66bf-3,Beauty,209.41,50,104.7,Net Banking,31-10-2024,52.35,None
4632f85b,312bc8fc-8,Toys,413.31,30,289.32,Net Banking,07-03-2024,202.52400390625,None
c6781108,f048a4a2-5,Sports,205.82,5,195.53,Credit Card,07-10-2024,185.75349609375,None
5bc7097b,118fb0b7-5,Home & Kitchen,110.73,30,77.51,Cash on Delivery,21-11-2024,54.257001953125,None
e7dc9f25,36d0d0c8-a,Toys,432.1,5,410.5,Net Banking,07-06-2024,389.975,None
f8fec828,a1d11037-3,Sports,375.09,5,356.34,Debit Card,26-10-2024,338.5230078125,None
a0b8e39d,5f7c41ee-8,Electronics,69.77,5,66.28,Debit Card,17-06-2024,62.9660009765625,None
81f9a928,148cb3f3-1,Beauty,430.96,15,366.32,Cash on Delivery,10-09-2024,311.37201171875,None
91da6560,03855207-2,Home & Kitchen,429.69,30,300.78,Cash on Delivery,07-02-2024,210.54599609375,None
26d5be1a,5409dd3e-8,Books,381.28,15,324.09,Cash on Delivery,05-10-2024,275.47650390625,None
7bf93a72,fb807119-e,Toys,72.87,20,58.3,Debit Card,14-02-2024,46.64,None
32839723,a875d9c4-3,Beauty,37.67,25,28.25,UPI,07-04-2024,21.1875,None
2c2500ea,c0b273c2-5,Books,485.0,15,412.25,Net Banking,17-11-2024,350.4125,None
39d11da5,61c34d6b-7,Home & Kitchen,214.45,0,214.45,Credit Card,14-04-2024,214.45,None
70f75830,e7f6b561-2,Beauty,315.89,0,315.89,Cash on Delivery,02-01-2024,315.89001953125,None
3066b9d4,e5e1cfb0-8,Books,211.67,50,105.83,Net Banking,07-05-2024,52.915,None
a35fe5e5,108aa207-b,Toys,490.75,30,343.52,Credit Card,01-07-2024,240.463984375,None
a3e73890,06a09e72-0,Toys,444.27,10,399.84,Cash on Delivery,26-02-2024,359.856015625,None
e3c4830d,d0b8fdbd-c,Sports,244.61,10,220.15,Net Banking,23-08-2024,198.135,None
186f1145,6a7a755f-3,Books,444.87,30,311.41,Credit Card,09-03-2024,217.98701171875,None
a2dd035d,8fb4616e-1,Books,231.08,10,207.97,Debit Card,31-01-2024,187.1730078125,None
b2de1538,211045d2-8,Beauty,32.39,20,25.91,Credit Card,11-05-2024,20.72800048828125,None
3b7c7e0d,19c38aae-f,Toys,260.74,5,247.7,Net Banking,20-09-2024,235.315,None
cab404e5,96cc2aff-a,Electronics,446.14,0,446.14,UPI,03-01-2024,446.14,None
c0b59a57,1f547b94-e,Beauty,144.56,10,130.1,UPI,08-08-2024,117.090009765625,None
5a2835a0,38cc3695-2,Home & Kitchen,467.35,50,233.68,Debit Card,11-07-2024,116.84,None
68376ad1,0c216a89-c,Toys,71.02,50,35.51,Cash on Delivery,17-11-2024,17.754998779296876,None
e6b61602,8154e3b9-f,Sports,374.32,50,187.16,Cash on Delivery,07-01-2024,93.58,None
ed127a6a,9a063b15-b,Books,61.82,20,49.46,UPI,21-01-2024,39.567998046875,None
cdce35a4,1c38c5f3-a,Home & Kitchen,214.64,20,171.71,Cash on Delivery,05-08-2024,137.3680078125,None
b7ce1000,4743f61c-6,Books,220.76,15,187.65,Cash on Delivery,14-03-2024,159.502490234375,None
4eada12f,f7dc5f39-8,Toys,204.56,0,204.56,UPI,06-03-2024,204.56,None
72033276,938a985a-3,Beauty,78.43,15,66.67,Net Banking,24-08-2024,56.6694970703125,None
d3e271bc,8423ce73-6,Home & Kitchen,132.48,20,105.98,UPI,01-05-2024,84.78400390625,None
75f9ffb4,67788728-f,Books,334.55,5,317.82,Net Banking,13-11-2024,301.92900390625,None
1ec3ff2a,f103ac45-1,Electronics,311.29,10,280.16,Debit Card,12-10-2024,252.14400390625,None
9977a28d,2b5c6c6d-1,Electronics,70.49,15,59.92,Debit Card,24-01-2024,50.9319970703125,None
b622561c,adf77823-5,Electronics,243.69,50,121.84,Credit Card,05-01-2024,60.92,None
6f7f0073,1e180b5a-5,Clothing,74.67,20,59.74,Cash on Delivery,21-05-2024,47.792001953125,None
0593db79,747539b8-3,Electronics,388.03,5,368.63,Net Banking,07-07-2024,350.198515625,None
6531579c,d037e5a2-4,Sports,28.12,0,28.12,Credit Card,17-03-2024,28.12,None
6c54fef2,5d6fed7e-c,Books,112.53,15,95.65,Credit Card,12-06-2024,81.3025,None
b1a586a8,35303867-3,Books,439.81,15,373.84,Net Banking,25-05-2024,317.76400390625,None
ed87a707,035b2887-1,Sports,220.37,20,176.3,UPI,05-02-2024,141.04,None
ae15cd88,409255b0-7,Home & Kitchen,314.16,30,219.91,UPI,29-09-2024,153.937001953125,None
a87689fb,cb2df151-f,Clothing,438.97,10,395.07,Cash on Delivery,18-10-2024,355.5630078125,None
d2cafe90,9e7e2170-8,Clothing,166.89,10,150.2,Debit Card,09-01-2024,135.18,None
43fbc7a3,952d56a9-b,Books,222.28,0,222.28,Cash on Delivery,07-09-2024,222.28,None
0a75e9da,c5cfe88d-5,Clothing,128.89,25,96.67,Net Banking,24-06-2024,72.5025,None
1c74138b,e8999fe4-c,Beauty,65.88,30,46.12,Cash on Delivery,12-10-2024,32.2839990234375,None
f1733214,30884869-f,Beauty,31.93,15,27.14,Net Banking,14-03-2024,23.0689990234375,None
4c95d133,9c80171d-4,Home & Kitchen,18.79,50,9.39,Debit Card,04-10-2024,4.695000305175781,None
294af876,d09b26d9-0,Beauty,46.99,25,35.24,UPI,10-03-2024,26.43000244140625,None
249fb3ec,2b55fe4e-5,Beauty,293.28,30,205.3,Net Banking,27-07-2024,143.71,None
ab71021f,7bd70763-d,Sports,419.54,10,377.59,Cash on Delivery,17-06-2024,339.831015625,None
2bca9bc1,f6ac2fc8-b,Electronics,150.09,10,135.08,Debit Card,13-02-2024,121.572001953125,None
4cc8d249,9837356f-2,Books,172.11,25,129.08,Net Banking,01-07-2024,96.81,None
1171aed4,fa178a1a-9,Books,440.57,5,418.54,UPI,05-08-2024,397.6130078125,None
20951b9c,d0248426-8,Toys,121.31,15,103.11,UPI,03-09-2024,87.64349609375,None
c4eb27aa,3e909d12-3,Electronics,481.88,15,409.6,Debit Card,30-05-2024,348.16,None
122abbd7,8783e6d7-9,Home & Kitchen,177.59,20,142.07,Credit Card,17-05-2024,113.656005859375,None
bf16d78e,6c60ac1f-5,Electronics,443.05,30,310.13,Debit Card,27-01-2024,217.09099609375,None
23d9f470,ce33c092-3,Electronics,235.33,50,117.67,Credit Card,20-06-2024,58.835,None
cc33391a,6917952b-a,Beauty,24.75,50,12.38,Net Banking,14-01-2024,6.19,None
f196dcc8,dd47ca5c-7,Electronics,470.9,10,423.81,UPI,20-02-2024,381.428984375,None
5c4cc9cd,dbdf1bd9-4,Books,237.27,0,237.27,Cash on Delivery,13-11-2024,237.27,None
6b76e9a1,affa909a-d,Books,151.72,5,144.13,Credit Card,23-03-2024,136.923505859375,None
d9028424,b728a1fd-f,Books,27.88,50,13.94,Credit Card,24-04-2024,6.97,None
d6e84fa8,9290dba4-3,Sports,26.95,20,21.56,Debit Card,08-03-2024,17.247999267578123,None
3cce7ee7,35165fca-f,Sports,417.34,30,292.14,Debit Card,17-02-2024,204.4980078125,None
2359eacf,f9b277b8-e,Clothing,207.54,10,186.79,Debit Card,26-06-2024,168.11099609375,None
cea71fcf,6330d18c-c,Home & Kitchen,123.41,25,92.56,UPI,05-05-2024,69.42,None
aeb09719,cca83636-7,Sports,398.36,0,398.36,Debit Card,26-03-2024,398.36,None
afbfbe33,0e1a71b4-5,Sports,350.5,15,297.93,UPI,12-01-2024,253.24048828125,None
8ee04e56,f75cd757-e,Books,459.93,0,459.93,Credit Card,19-06-2024,459.93,None
17ec5173,d7756866-3,Toys,324.93,25,243.7,Cash on Delivery,29-02-2024,182.775,None
4277aa34,8758e2a7-5,Toys,483.48,15,410.96,Cash on Delivery,12-09-2024,349.3159765625,None
4a66b400,f6668874-4,Books,286.37,25,214.78,Debit Card,18-03-2024,161.085,None
b849ee82,99f4f73c-d,Sports,486.15,5,461.84,Net Banking,25-06-2024,438.7480078125,None
d8adad87,34731d18-b,Clothing,44.29,0,44.29,Credit Card,08-10-2024,44.29,None
e3181955,9daf59d4-d,Sports,481.53,25,361.15,UPI,21-08-2024,270.8625,None
b7b776d2,112725bd-9,Toys,404.07,15,343.46,UPI,01-07-2024,291.94099609375,None
6707ca3f,5471b17a-5,Sports,63.31,20,50.65,UPI,12-06-2024,40.52,None
3421e7ba,4e770614-0,Electronics,254.31,0,254.31,UPI,05-04-2024,254.31,None
14a322ad,880eab94-7,Home & Kitchen,152.98,15,130.03,UPI,18-06-2024,110.525498046875,None
c3a6ef65,a3a6c3c3-5,Electronics,199.16,15,169.29,Debit Card,20-03-2024,143.896494140625,None
58e5b2b1,2029492d-a,Electronics,384.71,10,346.24,UPI,08-03-2024,311.61599609375,None
913acac1,97aa2898-6,Toys,498.37,10,448.53,Credit Card,23-06-2024,403.6769921875,None
d51c7bc1,1a75428d-6,Beauty,142.53,10,128.28,UPI,07-10-2024,115.452001953125,None
531b6e08,741be484-3,Beauty,353.77,15,300.7,UPI,05-02-2024,255.59501953125,None
36e2ff8c,6cc0fabb-0,Toys,38.68,5,36.75,UPI,11-09-2024,34.9125,None
c98a91eb,edc90cdd-f,Electronics,34.3,10,30.87,Cash on Delivery,12-11-2024,27.78300048828125,None
d30c4698,49da2a6d-0,Sports,121.05,25,90.79,Cash on Delivery,13-09-2024,68.0925,None
29782162,19694848-0,Sports,117.95,15,100.26,Credit Card,14-01-2024,85.221005859375,None
fdb2b385,966d092f-4,Clothing,41.11,20,32.89,Debit Card,12-11-2024,26.31199951171875,None
833e59d2,e1fbcf04-4,Electronics,171.56,20,137.25,UPI,26-07-2024,109.8,None
8f46fab4,5ff948e9-e,Clothing,190.47,20,152.38,UPI,11-04-2024,121.90400390625,None
f69c9130,37dd32b9-2,Toys,94.21,25,70.66,Net Banking,06-04-2024,52.9950048828125,None
c1edff29,f5929b23-f,Electronics,294.66,15,250.46,Net Banking,19-10-2024,212.89099609375,None
741de2c1,f735c522-7,Home & Kitchen,262.15,15,222.83,Cash on Delivery,14-01-2024,189.4055078125,None
c9c10b75,0bb347fc-8,Books,257.35,50,128.68,Credit Card,13-11-2024,64.3399951171875,None
02428050,385d5a98-5,Books,318.15,10,286.33,Credit Card,17-03-2024,257.6969921875,None
cc0dfe20,1879476d-1,Sports,432.56,30,302.79,Debit Card,17-05-2024,211.9530078125,None
32d535ae,60552b00-5,Books,386.32,10,347.69,UPI,16-04-2024,312.92099609375,None
87bf4ca6,8dc77453-f,Toys,131.54,5,124.96,Net Banking,09-11-2024,118.712001953125,None
24af6c3e,68175273-6,Clothing,32.29,0,32.29,UPI,13-10-2024,32.29,None
1828fb43,1716680b-f,Home & Kitchen,278.03,10,250.23,Credit Card,14-02-2024,225.2069921875,None
65aaf4f4,61dc6cda-6,Beauty,381.05,10,342.94,Debit Card,07-10-2024,308.64599609375,None
faf193a9,3b35362c-0,Toys,56.78,10,51.1,UPI,11-03-2024,45.99,None
c6a2892f,7321f69d-6,Sports,30.56,30,21.39,UPI,02-06-2024,14.972999267578125,None
4e432e36,70243117-d,Clothing,387.81,20,310.25,Cash on Delivery,01-08-2024,248.2,None
29421930,ec7ee1d8-c,Clothing,375.41,30,262.79,UPI,27-02-2024,183.9530078125,None
85227829,9f0f06d3-3,Sports,183.1,5,173.94,Debit Card,11-03-2024,165.2430078125,None
fcf06f0b,b1f1cec7-8,Electronics,278.54,15,236.76,Debit Card,15-10-2024,201.24599609375,None
df90d7c9,fbcacc6c-d,Clothing,227.68,10,204.91,UPI,16-09-2024,184.41900390625,None
3adf00f3,28c40ae3-e,Electronics,490.91,30,343.64,Net Banking,02-08-2024,240.5480078125,None
27dd0710,9eeae0e2-6,Clothing,69.31,50,34.66,Net Banking,23-09-2024,17.33,None
500dfa44,b8c6b653-c,Beauty,31.12,50,15.56,Cash on Delivery,16-08-2024,7.78,None
c41750b6,538ed23f-d,Sports,225.59,25,169.19,Net Banking,11-09-2024,126.8925,None
e6659f20,c612b025-d,Toys,328.31,10,295.48,Credit Card,30-08-2024,265.93201171875,None
ea529ab7,5aff8eb0-a,Books,92.21,50,46.1,Cash on Delivery,12-09-2024,23.05,None
83bef224,0a6ec1de-5,Home & Kitchen,95.3,15,81.0,Net Banking,21-03-2024,68.85,None
f14cd9dc,4cf74eeb-1,Toys,467.24,0,467.24,UPI,09-08-2024,467.24,None
97d33649,66d31bcc-5,Sports,181.68,10,163.51,Debit Card,21-02-2024,147.158994140625,None
0be6c0bb,86c443dc-d,Clothing,267.88,50,133.94,UPI,16-07-2024,66.97,None
09ed6fb4,e5071257-0,Electronics,138.46,0,138.46,Cash on Delivery,22-05-2024,138.460009765625,None
898f9c6d,2d45fe93-4,Clothing,151.92,5,144.32,Credit Card,12-06-2024,137.10400390625,None
116fecb8,1df471c0-6,Electronics,163.54,25,122.66,Debit Card,03-03-2024,91.995,None
594294be,ad05bd9b-3,Beauty,286.09,30,200.26,Net Banking,05-06-2024,140.1819921875,None
ad1e2bd6,26feb22b-9,Beauty,209.89,30,146.92,UPI,29-02-2024,102.843994140625,None
e45edb68,43084da7-3,Toys,454.14,10,408.73,Net Banking,13-11-2024,367.8569921875,None
39c35fd6,d3ede683-9,Home & Kitchen,87.6,25,65.7,UPI,16-05-2024,49.275,None
3d958865,8b7d3acc-5,Beauty,223.73,30,156.61,Net Banking,31-07-2024,109.627001953125,None
52ee67bc,c2358c11-c,Clothing,473.12,10,425.81,UPI,11-11-2024,383.228984375,None
00db7b85,5e1c0286-d,Clothing,474.63,5,450.9,Net Banking,18-04-2024,428.355,None
d4336610,6f5b3c27-7,Books,351.26,10,316.13,Credit Card,20-11-2024,284.51701171875,None
18fa5e20,1e048fba-3,Clothing,412.47,15,350.6,Cash on Delivery,07-08-2024,298.01,None
c981b672,5e3bc580-6,Sports,221.39,20,177.11,Debit Card,28-05-2024,141.687998046875,None
66ab38ee,b6c438b1-4,Clothing,47.18,0,47.18,Debit Card,17-01-2024,47.18,None
4f56d40d,6ff74b4d-7,Sports,363.37,50,181.69,Debit Card,17-05-2024,90.845,None
0f8a805d,513edd5b-a,Sports,116.06,0,116.06,Net Banking,17-10-2024,116.06,None
7d67e3f1,474e681a-a,Home & Kitchen,321.07,20,256.86,Cash on Delivery,08-07-2024,205.48798828125,None
ab9fa9a3,1e7bf1fe-6,Books,485.4,20,388.32,Credit Card,02-11-2024,310.656015625,None
b428f6cc,f28cdd02-7,Clothing,129.71,25,97.28,Cash on Delivery,18-05-2024,72.96,None
a03eaa0c,38d8b02d-4,Clothing,481.63,20,385.3,Cash on Delivery,06-05-2024,308.24,None
6e2c9c02,6eac3727-8,Electronics,112.0,0,112.0,UPI,12-06-2024,112.0,None
5767f51e,db7d8ba8-a,Books,444.98,0,444.98,Cash on Delivery,22-03-2024,444.98,None
08f509e7,0e5c25e6-2,Beauty,226.97,25,170.23,Credit Card,21-10-2024,127.6725,None
0c414eaf,5d6d3c17-6,Electronics,412.98,20,330.38,Debit Card,06-10-2024,264.30400390625,None
f198455a,d0d702ad-8,Electronics,306.97,20,245.58,Credit Card,07-03-2024,196.46400390625,None
c7060813,25ea4a1f-0,Books,479.52,15,407.59,UPI,25-09-2024,346.451484375,None
e235eaa8,7c4d897b-7,Sports,422.68,15,359.28,UPI,02-02-2024,305.3880078125,None
bc022fce,7fe0ba98-f,Toys,450.51,30,315.36,UPI,11-10-2024,220.7519921875,None
c6a1341f,fa1b70a0-d,Clothing,337.72,5,320.83,Credit Card,26-05-2024,304.78849609375,None
1738af2a,dce9a48e-f,Clothing,355.43,25,266.57,UPI,08-09-2024,199.9275,None
5390cbdf,933712e7-8,Sports,250.41,50,125.2,Debit Card,13-01-2024,62.6,None
371ace0c,37cadfa7-8,Beauty,258.08,25,193.56,Net Banking,19-06-2024,145.17,None
187108d8,27cdeb76-6,Sports,61.98,0,61.98,Credit Card,17-01-2024,61.98,None
66f00c2d,cfcc5fd6-b,Books,277.14,10,249.43,UPI,15-07-2024,224.4869921875,None
376f737f,210a2d36-7,Electronics,181.62,50,90.81,Credit Card,24-10-2024,45.405,None
7679f01b,4c798c68-9,Beauty,101.29,15,86.1,UPI,23-02-2024,73.185,None
0513a984,e0f744c7-3,Sports,399.69,25,299.77,Cash on Delivery,04-07-2024,224.8275,None
f4658b9f,f5819e74-0,Books,181.69,10,163.52,Debit Card,09-02-2024,147.1680078125,None
9826f69a,37800a56-3,Clothing,138.51,15,117.73,Credit Card,20-02-2024,100.070498046875,None
39b5a2a7,1a3aa7ac-9,Sports,360.88,30,252.62,Debit Card,23-09-2024,176.83400390625,None
f720b9b7,6d05da53-3,Toys,152.43,20,121.94,Debit Card,02-04-2024,97.552001953125,None
771ce878,2ea64143-d,Home & Kitchen,278.78,15,236.96,Debit Card,13-01-2024,201.41599609375,None
f1807b8c,9a544065-a,Beauty,82.95,10,74.66,Credit Card,23-06-2024,67.19400390625,None
c78d307b,28dd3466-1,Sports,83.31,5,79.14,Debit Card,04-10-2024,75.182998046875,None
18571441,7438ea1f-c,Books,268.14,0,268.14,Debit Card,02-06-2024,268.14001953125,None
4d7042f4,071b5966-3,Sports,489.42,50,244.71,Cash on Delivery,20-08-2024,122.355,None
52b9a923,1d4e9360-1,Home & Kitchen,210.4,0,210.4,Net Banking,23-05-2024,210.4,None
f40a9b6d,e5a12194-5,Books,99.23,20,79.38,UPI,28-02-2024,63.5039990234375,None
0e01eaf1,385838a7-e,Electronics,280.2,0,280.2,UPI,28-07-2024,280.20001953125,None
5b662387,bb11a08f-4,Beauty,200.14,10,180.13,Credit Card,06-11-2024,162.117001953125,None
c2b48c64,b22c4626-9,Home & Kitchen,388.45,15,330.18,Net Banking,19-04-2024,280.65298828125,None
4ae01f60,2784b792-4,Electronics,429.43,50,214.72,Credit Card,04-08-2024,107.36,None
3696bfd0,c1e93299-2,Toys,348.15,15,295.93,Debit Card,10-01-2024,251.54048828125,None
b5603d04,762221aa-3,Books,176.6,0,176.6,Credit Card,12-03-2024,176.6,None
1a80943e,389afb40-f,Beauty,228.74,0,228.74,UPI,04-07-2024,228.74,None
e14e962f,2830b16b-9,Home & Kitchen,302.97,15,257.52,Cash on Delivery,09-07-2024,218.8919921875,None
2b3198dd,88733fae-e,Beauty,117.7,25,88.28,Net Banking,11-08-2024,66.21,None
8c24815e,67d80dfd-7,Clothing,219.19,25,164.39,UPI,25-07-2024,123.2925,None
e6ee5109,381eab4a-d,Home & Kitchen,137.74,30,96.42,Cash on Delivery,23-08-2024,67.4939990234375,None
a1aad5f0,36fe6ac6-2,Beauty,436.86,5,415.02,Net Banking,11-02-2024,394.268984375,None
51d656fb,82b6cd96-6,Sports,269.89,20,215.91,Net Banking,28-09-2024,172.7280078125,None
dc1a6629,a1f2b6dd-7,Sports,81.82,10,73.64,Net Banking,05-06-2024,66.2760009765625,None
fcb88b64,5dd58cd8-2,Books,353.61,20,282.89,Credit Card,26-04-2024,226.31201171875,None
0410a28c,ed21c448-4,Toys,37.73,15,32.07,Net Banking,27-04-2024,27.25949951171875,None
b1851eeb,3eb56196-f,Books,215.34,5,204.57,Credit Card,25-03-2024,194.34150390625,None
128c7985,c3890ccb-8,Toys,117.18,10,105.46,Debit Card,07-03-2024,94.91400390625,None
da8e2fdc,4a8e60af-d,Beauty,451.22,5,428.66,Net Banking,29-03-2024,407.2269921875,None
48f6819e,7bcd7ac9-6,Beauty,382.83,30,267.98,Cash on Delivery,08-01-2024,187.586015625,None
13fcb9dd,90a62e58-d,Sports,213.0,50,106.5,Net Banking,08-01-2024,53.25,None
db68c3eb,9e13e61e-c,Home & Kitchen,450.17,0,450.17,Credit Card,21-03-2024,450.17,None
71466805,d5ffce9f-3,Home & Kitchen,251.98,50,125.99,UPI,31-07-2024,62.995,None
1e5bd791,3bf1badc-6,Beauty,345.49,25,259.12,UPI,27-03-2024,194.34,None
7dd71ecb,8f8a84e9-8,Beauty,431.89,15,367.11,Net Banking,03-02-2024,312.04349609375,None
3c8ad6d6,531124f2-0,Clothing,76.69,0,76.69,Debit Card,02-07-2024,76.69,None
e7267a38,4fb52521-f,Electronics,373.26,50,186.63,Credit Card,12-02-2024,93.315,None
33f0e5f8,ae353616-c,Books,26.71,30,18.7,Cash on Delivery,05-06-2024,13.09,None
9cb99a90,3eed3203-4,Electronics,191.54,0,191.54,Debit Card,07-08-2024,191.54,None
a69f0bc8,062f7492-d,Sports,473.96,25,355.47,UPI,03-04-2024,266.6025,None
b1ae1119,c18f0916-4,Beauty,347.43,15,295.32,Net Banking,22-05-2024,251.02201171875,None
eb5ebf37,1ff000e0-e,Clothing,200.63,5,190.6,Cash on Delivery,31-03-2024,181.07,None
116383a9,69e1b723-6,Home & Kitchen,47.45,25,35.59,Debit Card,22-05-2024,26.6925,None
fe8a21d2,5e2b3419-a,Home & Kitchen,453.53,20,362.82,Debit Card,05-04-2024,290.256015625,None
81b75cf4,91b88773-5,Clothing,378.95,20,303.16,Credit Card,21-11-2024,242.5280078125,None
b755ad6c,908a54b6-0,Sports,321.66,0,321.66,Credit Card,08-05-2024,321.66,None
e3fa60e2,27c745da-8,Home & Kitchen,429.78,5,408.29,Debit Card,19-07-2024,387.8755078125,None
74d77f27,51f72692-9,Home & Kitchen,392.26,5,372.65,Net Banking,16-01-2024,354.0175,None
a852ff82,d269fa86-d,Home & Kitchen,169.92,25,127.44,Net Banking,30-04-2024,95.58,None
a5464600,03e902b1-7,Beauty,344.08,30,240.86,Debit Card,17-04-2024,168.6019921875,None
ee300046,a2075783-1,Books,119.61,50,59.8,Debit Card,06-08-2024,29.9,None
a49da7a4,507cfd45-3,Toys,304.02,15,258.42,Net Banking,13-09-2024,219.65701171875,None
2e541d01,d530da77-3,Books,221.6,20,177.28,Credit Card,10-03-2024,141.82400390625,None
6c22afc7,cddf766d-e,Clothing,371.72,15,315.96,Net Banking,14-08-2024,268.56599609375,None
e4aa32a0,d78da125-0,Books,245.53,0,245.53,UPI,12-04-2024,245.53,None
09ca67b7,018f23ea-7,Home & Kitchen,435.73,50,217.87,Debit Card,23-07-2024,108.935,None
1672d24e,b121d823-9,Beauty,399.88,5,379.89,Cash on Delivery,06-11-2024,360.8955078125,None
a4b13791,98898541-4,Clothing,471.77,15,401.0,UPI,06-10-2024,340.85,None
a8343047,919c0e4d-0,Electronics,451.25,30,315.88,Net Banking,10-06-2024,221.11599609375,None
16424ec7,0e7f87e5-8,Toys,168.52,5,160.09,Net Banking,03-04-2024,152.085498046875,None
ec4f4397,310c2d25-b,Home & Kitchen,272.8,30,190.96,Credit Card,08-05-2024,133.672001953125,None
7c959ad5,73bb6de8-1,Electronics,153.13,5,145.47,Credit Card,21-04-2024,138.19650390625,None
9cf50531,31dd646d-7,Clothing,244.73,50,122.36,UPI,02-09-2024,61.18,None
3aec426f,267985bd-2,Sports,74.64,30,52.25,Cash on Delivery,17-11-2024,36.575,None
1e6e48c2,b8455d97-7,Sports,204.33,10,183.9,Credit Card,08-08-2024,165.51,None
9328a910,7dcce976-1,Books,426.27,15,362.33,Cash on Delivery,20-09-2024,307.98048828125,None
ecbb43d3,a7f3a36d-b,Electronics,369.36,10,332.42,Credit Card,23-09-2024,299.1780078125,None
a577d4b8,f4193c4a-2,Electronics,384.61,0,384.61,UPI,29-02-2024,384.61,None
317bca3f,26c3c2aa-e,Clothing,203.19,20,162.55,UPI,12-03-2024,130.04,None
2efb6b7f,012b2dda-1,Electronics,394.31,20,315.45,Credit Card,30-05-2024,252.36,None
ed1ebaa0,52cdaea0-8,Beauty,135.22,25,101.41,UPI,19-01-2024,76.0575048828125,None
eb1911f4,3ba6780b-a,Toys,241.76,50,120.88,UPI,15-01-2024,60.44,None
260c8ec5,5024d38a-c,Toys,20.31,5,19.29,Net Banking,05-06-2024,18.32550048828125,None
a8fc85ce,4af5147b-4,Toys,236.62,20,189.3,Debit Card,29-09-2024,151.44,None
fb8277c8,3c7eedc9-a,Sports,250.72,0,250.72,Credit Card,18-08-2024,250.72,None
afacdc15,6280a914-4,Books,407.45,30,285.21,UPI,23-04-2024,199.6469921875,None
06539e8b,5497ca0e-5,Electronics,436.95,10,393.25,Credit Card,18-10-2024,353.925,None
f6e5828e,3a6f86b9-b,Toys,292.37,50,146.19,Debit Card,18-10-2024,73.095,None
7da79df6,122394b2-e,Sports,63.8,0,63.8,Credit Card,12-09-2024,63.8,None
29db5c37,63b737b8-d,Sports,462.49,15,393.12,Cash on Delivery,31-08-2024,334.1519921875,None
c8e51376,433fec78-f,Sports,122.14,5,116.03,Credit Card,08-05-2024,110.22849609375,None
403ab1e9,4b94f455-e,Toys,430.8,50,215.4,UPI,03-04-2024,107.7,None
a458dc49,451dc78c-3,Books,245.54,15,208.71,Cash on Delivery,17-09-2024,177.40349609375,None
aca0dcaf,c385a9e4-c,Toys,411.1,30,287.77,Cash on Delivery,19-06-2024,201.438984375,None
a31224b8,ce07178a-6,Clothing,152.62,50,76.31,Credit Card,15-05-2024,38.155,None
695fccc3,13cd0a57-0,Toys,141.24,50,70.62,Credit Card,24-09-2024,35.31000244140625,None
501b16d8,3d9f22df-f,Electronics,419.81,15,356.84,Credit Card,09-04-2024,303.31400390625,None
7d7f6ad1,a0d2dea3-a,Clothing,389.67,0,389.67,Debit Card,04-06-2024,389.67,None
c814cdcc,56886e5d-7,Electronics,426.13,20,340.9,Credit Card,05-04-2024,272.72,None
c6b46864,6e4a33e0-e,Electronics,496.76,5,471.92,Cash on Delivery,10-03-2024,448.3240234375,None
5a627202,5ec4a8b3-d,Electronics,109.99,15,93.49,Cash on Delivery,18-06-2024,79.4664990234375,None
63fef598,4a545c9f-8,Books,423.41,25,317.56,Cash on Delivery,04-06-2024,238.17,None
00d8ac27,f330657b-d,Home & Kitchen,59.42,20,47.54,UPI,18-11-2024,38.032001953125,None
0b4f24e1,2fe1f2b3-b,Clothing,14.4,20,11.52,Debit Card,21-05-2024,9.216000366210938,None
59dce1d0,bef56996-5,Beauty,127.92,10,115.13,UPI,26-08-2024,103.617001953125,None
d60ab6ad,84268f41-1,Sports,190.26,0,190.26,Debit Card,15-01-2024,190.26,None
d9a0217a,0f8b3bb7-8,Books,366.79,20,293.43,Cash on Delivery,22-03-2024,234.743984375,None
4720abd8,4396ccca-1,Home & Kitchen,238.92,25,179.19,Cash on Delivery,12-11-2024,134.3925,None
c0e9ac8d,4b89d022-8,Books,105.61,10,95.05,Cash on Delivery,13-07-2024,85.545,None
a9fa4694,5afee66b-4,Beauty,251.84,5,239.25,Credit Card,23-01-2024,227.2875,None
c19814f1,17c05cd0-c,Toys,482.78,30,337.95,Credit Card,01-07-2024,236.565,None
e7e2b27c,b0d69622-a,Toys,204.49,5,194.27,Debit Card,24-02-2024,184.55650390625,None
f3b73afc,f73bf81c-f,Electronics,364.65,5,346.42,Credit Card,22-02-2024,329.0990234375,None
8a3d2683,b3345786-8,Books,66.29,50,33.15,UPI,16-09-2024,16.575001220703125,None
fdc23ea4,4023a06e-7,Home & Kitchen,122.79,25,92.09,Debit Card,09-01-2024,69.0674951171875,None
753861d7,3f1caf62-f,Home & Kitchen,59.16,20,47.33,Cash on Delivery,25-03-2024,37.86400146484375,None
fe1668db,2ad69764-b,Toys,482.74,20,386.19,Cash on Delivery,08-03-2024,308.9519921875,None
26dd0325,33850590-0,Toys,400.25,30,280.17,Credit Card,07-07-2024,196.11900390625,None
abdb1e26,07fa6d99-0,Clothing,278.69,30,195.08,Credit Card,14-10-2024,136.556005859375,None
86dbac6e,14161f4b-8,Books,446.45,5,424.13,UPI,15-10-2024,402.923515625,None
942598dd,33b219e4-0,Toys,77.79,10,70.01,UPI,05-01-2024,63.00900390625,None
aa467976,89d4357f-0,Clothing,126.91,20,101.53,Debit Card,07-09-2024,81.2239990234375,None
c731ecdc,c6438a19-5,Toys,350.82,30,245.57,UPI,29-05-2024,171.89900390625,None
9798d65d,0a454a94-f,Books,43.02,10,38.72,Net Banking,18-01-2024,34.84800048828125,None
cfc35694,fbe1be6d-3,Toys,416.29,25,312.22,UPI,09-09-2024,234.165,None
ae08fdb3,9d4429b3-b,Books,128.2,15,108.97,Debit Card,30-09-2024,92.624501953125,None
9e064b40,912f767d-d,Toys,112.97,25,84.73,UPI,02-11-2024,63.5475048828125,None
4f2da9a6,4b585842-7,Toys,221.92,20,177.54,Debit Card,21-08-2024,142.0319921875,None
19769f0e,c043a23a-d,Toys,356.78,20,285.42,Debit Card,22-03-2024,228.336015625,None
40fcae03,6698a03c-9,Sports,309.92,30,216.94,Net Banking,22-08-2024,151.857998046875,None
afc39278,6e225e67-8,Books,400.63,30,280.44,UPI,15-03-2024,196.3080078125,None
24315376,15b532b8-c,Books,377.55,50,188.78,UPI,25-08-2024,94.39,None
968fb1ae,f1aa4880-3,Beauty,382.33,15,324.98,Credit Card,09-09-2024,276.2330078125,None
7c9152e1,e4733b2d-3,Beauty,215.61,15,183.27,Credit Card,01-03-2024,155.779501953125,None
1bc7e890,88ac9198-a,Books,352.89,10,317.6,UPI,02-02-2024,285.84,None
5f605f60,ad95ddec-0,Clothing,403.98,15,343.38,Net Banking,08-09-2024,291.8730078125,None
ad562a2f,2392c4a9-b,Beauty,19.44,15,16.52,Net Banking,30-07-2024,14.042000732421876,None
52a481f3,95d60434-e,Toys,422.63,50,211.31,UPI,21-10-2024,105.655,None
95f589a9,e9feb788-5,Toys,302.73,30,211.91,UPI,24-05-2024,148.337001953125,None
f5e44697,0ca7d06c-9,Beauty,71.26,0,71.26,Credit Card,03-09-2024,71.26,None
1d146f4a,1d45530e-f,Books,332.89,0,332.89,Net Banking,25-07-2024,332.89,None
e4c02adc,33f24bca-a,Clothing,254.19,10,228.77,Credit Card,29-07-2024,205.8930078125,None
5cf1d75f,3a2603ce-0,Beauty,436.15,30,305.3,UPI,14-08-2024,213.71,None
0353de5b,a8e54bbb-b,Toys,379.65,30,265.75,Credit Card,04-11-2024,186.025,None
399a95fc,c97eb78f-6,Toys,440.27,20,352.22,Cash on Delivery,01-04-2024,281.77599609375,None
c5481eba,408988b0-2,Toys,358.89,0,358.89,Net Banking,18-01-2024,358.89,None
007d82ed,1d0dfece-f,Home & Kitchen,463.05,15,393.59,Debit Card,06-04-2024,334.551484375,None
ee84c4d8,ad413f74-7,Clothing,14.66,50,7.33,Credit Card,15-05-2024,3.665,None
f3431ec8,74232b1e-e,Clothing,374.15,10,336.74,Net Banking,08-08-2024,303.06599609375,None
5b67f35f,f1612cb4-2,Beauty,330.67,15,281.07,Credit Card,27-05-2024,238.90951171875,None
bec3ba15,1730de82-d,Books,367.14,5,348.78,Net Banking,26-09-2024,331.341015625,None
b3b50a4f,b99ff610-5,Electronics,96.93,50,48.47,Cash on Delivery,15-08-2024,24.235,None
7a1822f3,fd68f3df-7,Home & Kitchen,326.94,5,310.59,Net Banking,26-09-2024,295.06048828125,None
19250ed7,68365458-0,Sports,133.61,10,120.25,Cash on Delivery,06-01-2024,108.225,None
6f5fd5f2,b1cac920-f,Electronics,319.29,50,159.65,UPI,22-07-2024,79.8249951171875,None
82036553,c4e06440-e,Home & Kitchen,473.16,30,331.21,Net Banking,23-09-2024,231.8469921875,None
557f87a5,ceab308d-f,Electronics,261.33,30,182.93,Credit Card,23-04-2024,128.05099609375,None
1b3596a1,fda392f9-d,Home & Kitchen,332.48,5,315.86,UPI,17-09-2024,300.0669921875,None
7f9c9f2c,64049319-8,Clothing,180.06,5,171.06,Debit Card,20-03-2024,162.507001953125,None
4fd21482,494800ef-2,Home & Kitchen,478.62,5,454.69,Cash on Delivery,09-03-2024,431.9555078125,None
e8613d9e,2ac7fc27-9,Sports,391.77,30,274.24,UPI,23-05-2024,191.96798828125,None
2753195e,2a34ede3-a,Beauty,194.6,50,97.3,UPI,19-11-2024,48.65,None
4aefa8a6,93f6ad6c-3,Electronics,145.56,50,72.78,Cash on Delivery,20-02-2024,36.39,None
d9b16d55,f6ffdeea-1,Toys,149.93,0,149.93,UPI,10-02-2024,149.929990234375,None
6908d999,cbeb110c-d,Books,197.26,20,157.81,Cash on Delivery,03-06-2024,126.247998046875,None
4be691f6,758e3cf5-d,Books,125.47,15,106.65,Cash on Delivery,22-09-2024,90.6525,None
13d4dd27,c8304287-0,Sports,221.24,0,221.24,Net Banking,04-01-2024,221.24,None
155fe399,b3684052-7,Clothing,421.76,50,210.88,Credit Card,21-03-2024,105.44,None
8ebce110,f9c3cc85-b,Sports,342.6,20,274.08,Net Banking,04-02-2024,219.263984375,None
257af577,4d81096c-a,Beauty,380.5,25,285.38,UPI,07-08-2024,214.035,None
57dcfe4f,96a4eeb1-a,Electronics,435.45,0,435.45,Credit Card,14-01-2024,435.45,None
8c2e9d07,d45a02f8-3,Books,255.26,25,191.44,Net Banking,03-11-2024,143.58,None
b1466009,1ac7fcaa-4,Sports,142.92,25,107.19,Net Banking,24-08-2024,80.3925,None
449c33f0,0ae87429-2,Electronics,203.54,25,152.66,UPI,12-03-2024,114.495,None
48091eea,8baecb87-6,Electronics,71.16,0,71.16,Net Banking,01-08-2024,71.1600048828125,None
b857395f,56534cf5-a,Books,484.89,20,387.91,Credit Card,01-05-2024,310.3280078125,None
cd23f9b3,891369e6-3,Home & Kitchen,431.84,10,388.66,Credit Card,18-07-2024,349.793984375,None
50483cad,1859fc40-2,Books,236.16,15,200.74,Net Banking,29-02-2024,170.62900390625,None
2a238fbc,eb398faf-6,Electronics,319.55,25,239.66,UPI,21-09-2024,179.745,None
dc5e478b,4da1fb5d-d,Clothing,132.67,15,112.77,Cash on Delivery,20-10-2024,95.854501953125,None
b24bd3b7,dfc784ec-d,Toys,112.35,5,106.73,Credit Card,22-02-2024,101.393505859375,None
26503871,69843943-b,Books,170.5,10,153.45,Cash on Delivery,22-10-2024,138.105,None
065012c5,a4353860-7,Electronics,287.69,10,258.92,UPI,13-02-2024,233.0280078125,None
d312906a,11d34f7e-2,Toys,216.75,0,216.75,UPI,28-05-2024,216.75,None
5136adde,df7930b9-d,Electronics,37.79,10,34.01,Net Banking,08-05-2024,30.6089990234375,None
d0e8803c,4ac6af27-a,Books,100.23,50,50.12,Net Banking,31-05-2024,25.06,None
1962082e,273017e8-2,Beauty,453.66,0,453.66,Cash on Delivery,29-07-2024,453.66,None
b753077b,93235dc9-9,Toys,401.54,10,361.39,Debit Card,14-09-2024,325.251015625,None
8ce64055,37a661c4-a,Beauty,442.41,15,376.05,Debit Card,19-03-2024,319.64248046875,None
101938a5,c4f71922-a,Electronics,224.56,50,112.28,Cash on Delivery,19-10-2024,56.14,None
292307da,e740000e-2,Clothing,435.97,15,370.57,UPI,18-08-2024,314.98451171875,None
b805a15f,35efff39-b,Electronics,398.25,15,338.51,Net Banking,05-04-2024,287.733515625,None
fbef474d,63c30b65-a,Toys,262.8,0,262.8,Credit Card,18-03-2024,262.79998046875,None
dcaca6db,06fff043-4,Home & Kitchen,257.67,0,257.67,Debit Card,04-11-2024,257.67001953125,None
7a7d8d61,eba5c94a-6,Toys,410.07,50,205.03,Cash on Delivery,05-09-2024,102.515,None
34e04e99,39c7b618-6,Toys,51.33,20,41.06,Credit Card,08-09-2024,32.84800048828125,None
b2eb65f3,76ca9c3c-c,Beauty,28.77,10,25.89,Debit Card,06-09-2024,23.30099853515625,None
861f12bb,268b335a-8,Clothing,130.27,20,104.22,Cash on Delivery,18-04-2024,83.37599609375,None
f1c5f192,8164e79d-1,Beauty,113.72,50,56.86,UPI,01-11-2024,28.43,None
de8c7e00,a2f99d43-c,Beauty,306.77,50,153.38,Net Banking,01-06-2024,76.69,None
79b8569c,d36a344e-f,Home & Kitchen,68.53,0,68.53,Debit Card,21-10-2024,68.53,None
a5ed8855,92411baa-e,Electronics,186.96,20,149.57,Credit Card,06-08-2024,119.656005859375,None
c2f278b8,ed268cfc-4,Sports,496.79,5,471.95,Credit Card,10-05-2024,448.3525,None
f9e89622,6390f2ea-8,Books,479.63,0,479.63,UPI,12-04-2024,479.63,None
c9aee337,7cbf22f9-2,Sports,235.86,20,188.69,Net Banking,31-10-2024,150.952001953125,None
eb72f968,85842870-7,Beauty,74.55,30,52.18,Cash on Delivery,23-07-2024,36.5260009765625,None
6e91de44,28ca7dce-f,Home & Kitchen,269.25,30,188.47,UPI,09-10-2024,131.92900390625,None
f581d1f7,30ff2cd8-5,Books,66.37,25,49.78,Cash on Delivery,09-09-2024,37.335,None
a9f8e515,579ede7a-c,Toys,122.84,5,116.7,UPI,26-04-2024,110.865,None
bb542976,b6add811-e,Electronics,209.68,5,199.2,Cash on Delivery,28-04-2024,189.24,None
028809d1,e59dd1ef-7,Home & Kitchen,243.62,20,194.9,Credit Card,13-07-2024,155.92,None
8b660196,594121e8-4,Sports,421.25,25,315.94,Cash on Delivery,16-04-2024,236.955,None
5516b600,4aa17ee2-e,Beauty,281.6,50,140.8,Net Banking,29-04-2024,70.4,None
77c9aa5b,d001ebc6-5,Clothing,355.16,10,319.64,UPI,28-04-2024,287.676015625,None
d1dd56ce,f474b729-5,Clothing,172.78,5,164.14,Debit Card,01-06-2024,155.932998046875,None
8b67d82f,0412d7ff-f,Electronics,96.27,30,67.39,Credit Card,23-09-2024,47.172998046875,None
55ade9bd,41f528fa-5,Sports,286.09,10,257.48,Cash on Delivery,12-09-2024,231.73201171875,None
70536778,ef18627c-6,Home & Kitchen,407.47,30,285.23,Credit Card,05-10-2024,199.661015625,None
98cb1265,8029a89d-b,Clothing,230.18,10,207.16,Net Banking,26-10-2024,186.44400390625,None
db0be3ef,158fd3b5-2,Home & Kitchen,473.05,50,236.53,Net Banking,23-08-2024,118.265,None
b4fffe29,a52fdf17-b,Clothing,126.42,5,120.1,Net Banking,31-01-2024,114.095,None
9f8bb54c,ad642b46-7,Electronics,357.02,5,339.17,Credit Card,11-02-2024,322.21150390625,None
03aa0d65,dbebaa55-4,Home & Kitchen,114.6,5,108.87,Cash on Delivery,26-10-2024,103.42650390625,None
2589f4a9,e1afb191-5,Beauty,483.93,50,241.97,Debit Card,10-09-2024,120.985,None
dbea38e1,1fe67292-0,Electronics,410.02,30,287.01,Net Banking,29-03-2024,200.90701171875,None
f6207bb8,793480ee-d,Home & Kitchen,39.29,15,33.4,Credit Card,22-09-2024,28.39000244140625,None
20603af4,3b3acd49-f,Home & Kitchen,143.25,20,114.6,UPI,15-07-2024,91.68,None
222d2020,c5a964e5-1,Sports,487.54,50,243.77,Net Banking,14-04-2024,121.885,None
1f5cc3ae,0c4145bc-8,Toys,84.34,50,42.17,Net Banking,20-08-2024,21.085,None
86b387f6,98eb0ae1-e,Electronics,83.69,10,75.32,UPI,05-05-2024,67.787998046875,None
7b339542,32f4abf1-e,Electronics,412.56,50,206.28,Net Banking,16-06-2024,103.14,None
b1b2edb7,ac13377e-b,Toys,83.48,50,41.74,Net Banking,04-03-2024,20.87,None
c6d36874,46b7b3a3-0,Clothing,422.69,20,338.15,Net Banking,28-04-2024,270.52,None
fb1b3d3f,df1e3f0d-5,Toys,110.52,20,88.42,Credit Card,04-10-2024,70.73599609375,None
a3ffda9b,347bc94b-6,Electronics,307.25,10,276.53,Cash on Delivery,23-10-2024,248.8769921875,None
e47fbc15,176b24ce-d,Books,83.16,0,83.16,Net Banking,24-04-2024,83.16,None
48d6fb7f,bc2a8a1a-0,Beauty,33.33,10,30.0,Credit Card,17-11-2024,27.0,None
c9aec1e2,1587d0c4-b,Books,96.23,20,76.98,Debit Card,19-07-2024,61.58400390625,None
52a3c1ff,2a339668-e,Clothing,246.49,15,209.52,UPI,28-08-2024,178.09201171875,None
3937299c,afd38630-0,Books,414.86,50,207.43,Net Banking,24-04-2024,103.715,None
d8d9cf8b,33d1d69e-5,Electronics,87.2,5,82.84,UPI,15-10-2024,78.697998046875,None
8d992fcd,d86c4787-2,Electronics,15.67,5,14.89,Net Banking,10-01-2024,14.14550048828125,None
eccbc70c,c8ee38d3-1,Beauty,396.59,15,337.1,Debit Card,17-05-2024,286.535,None
e1e7e360,380bf7e8-2,Books,64.47,15,54.8,Net Banking,18-09-2024,46.58,None
af47fc4e,a7e4d8b4-9,Books,364.19,10,327.77,Net Banking,01-05-2024,294.99298828125,None
03eadaf0,74a43ff7-2,Beauty,265.86,15,225.98,Net Banking,14-10-2024,192.08298828125,None
a61e1a8f,4cc35f1a-1,Clothing,202.03,25,151.52,Net Banking,19-08-2024,113.64,None
9c7914f5,7c011ded-7,Toys,340.26,5,323.25,Net Banking,09-01-2024,307.0875,None
e452c507,a6326e35-d,Clothing,84.13,30,58.89,Credit Card,27-04-2024,41.222998046875,None
b90a8b2c,05c97ccd-6,Home & Kitchen,72.96,5,69.31,Credit Card,27-08-2024,65.8444970703125,None
acba07dd,e10f1782-1,Home & Kitchen,412.27,20,329.82,UPI,21-08-2024,263.856015625,None
dbf58ab7,90ea4fe6-d,Electronics,16.08,30,11.26,Credit Card,15-03-2024,7.882000122070313,None
83976e33,b7e948d3-5,Beauty,13.43,10,12.09,Credit Card,31-03-2024,10.880999755859374,None
7ab838a2,7f6906b4-0,Sports,375.79,30,263.05,Cash on Delivery,05-04-2024,184.135,None
ac98d8ba,a8594906-d,Books,184.8,30,129.36,Debit Card,01-10-2024,90.552001953125,None
d7c5fdbb,bea3dc50-a,Toys,15.56,10,14.0,Debit Card,24-01-2024,12.6,None
1a6c5c08,a6166130-b,Sports,197.79,30,138.45,UPI,18-02-2024,96.915,None
d817723a,581a41f1-b,Books,175.77,25,131.83,Credit Card,13-05-2024,98.8725,None
88c35a80,b28c2240-7,Beauty,174.56,0,174.56,Credit Card,24-09-2024,174.56,None
e6e322f8,6f0fcbd8-e,Beauty,279.38,20,223.5,Net Banking,24-02-2024,178.8,None
d0138d14,e101ab76-7,Clothing,129.52,25,97.14,Cash on Delivery,08-11-2024,72.855,None
9ea9ff00,2c1cd7b8-c,Clothing,125.93,20,100.74,Net Banking,14-06-2024,80.5919970703125,None
e733dc52,57b27e03-4,Books,78.34,25,58.76,Net Banking,09-06-2024,44.07,None
d7329afe,eb0596ff-1,Sports,23.85,20,19.08,Cash on Delivery,10-10-2024,15.264000244140625,None
c0811288,4913cc97-2,Home & Kitchen,209.44,15,178.02,Credit Card,21-02-2024,151.317001953125,None
7c5e50fe,bb6469a8-e,Electronics,291.97,15,248.17,Debit Card,06-02-2024,210.9444921875,None
29b3c37a,fda470b8-1,Electronics,401.11,5,381.05,Net Banking,29-08-2024,361.9975,None
f8d08b85,0b4350eb-5,Books,335.49,0,335.49,Net Banking,18-09-2024,335.49,None
36848d01,d8f3686a-3,Clothing,58.24,50,29.12,Credit Card,07-01-2024,14.56,None
b96be743,30b35209-e,Toys,164.37,30,115.06,Net Banking,18-02-2024,80.5419970703125,None
9f5fd63c,c29aa4a8-f,Beauty,99.36,5,94.39,Net Banking,16-08-2024,89.670498046875,None
812fe840,5e9900af-f,Sports,351.99,10,316.79,Net Banking,17-09-2024,285.111015625,None
d42bcbcb,676d7645-b,Books,365.39,5,347.12,Credit Card,15-07-2024,329.763984375,None
52516742,ba8a075e-b,Toys,12.32,10,11.09,Cash on Delivery,22-01-2024,9.981000366210937,None
27e9dd51,a9cf9e47-1,Sports,355.88,5,338.09,UPI,22-01-2024,321.18548828125,None
5e956744,84478b2a-7,Beauty,462.7,15,393.29,Debit Card,25-09-2024,334.2965234375,None
8a35a896,f3fa141b-a,Clothing,308.66,5,293.23,UPI,25-10-2024,278.568515625,None
3c499277,3316625a-a,Sports,155.2,30,108.64,Credit Card,03-05-2024,76.047998046875,None
799f099f,329af66f-e,Beauty,143.63,25,107.72,Debit Card,16-01-2024,80.79,None
9aec0029,efd0a0a2-6,Clothing,23.78,5,22.59,Net Banking,29-04-2024,21.46050048828125,None
45ae61a8,d474e7e9-2,Electronics,365.38,50,182.69,UPI,02-08-2024,91.345,None
7ced0b56,4b0562d6-6,Sports,156.89,50,78.44,UPI,02-08-2024,39.22,None
47a50dbd,2ab12e1b-6,Books,429.37,50,214.69,Credit Card,31-10-2024,107.345,None
01c083f3,ef5c107c-f,Home & Kitchen,197.66,15,168.01,UPI,04-10-2024,142.80849609375,None
e077268b,0bb5397d-8,Beauty,167.31,20,133.85,Cash on Delivery,10-01-2024,107.08,None
470c391e,868803c9-8,Toys,494.3,20,395.44,Cash on Delivery,12-01-2024,316.3519921875,None
451cdc5b,f6a07190-8,Home & Kitchen,115.09,10,103.58,Debit Card,16-08-2024,93.222001953125,None
a48689fb,51393037-0,Sports,140.42,0,140.42,Cash on Delivery,28-05-2024,140.42,None
8f4a3a26,4c529cb5-6,Home & Kitchen,263.55,50,131.78,Debit Card,10-11-2024,65.89,None
3f62d926,581977ad-e,Home & Kitchen,23.62,15,20.08,UPI,22-04-2024,17.06800048828125,None
f7cd3439,05a68613-e,Clothing,181.26,50,90.63,Cash on Delivery,26-06-2024,45.315,None
1699a74b,38210005-e,Books,389.82,25,292.37,UPI,25-08-2024,219.2775,None
784fd769,a1ca6a6d-5,Sports,347.3,0,347.3,UPI,10-07-2024,347.3,None
a6c5b4a7,7b2f61cf-4,Books,73.29,0,73.29,UPI,01-09-2024,73.29,None
8e379422,468994c4-8,Electronics,308.09,0,308.09,Credit Card,11-03-2024,308.09,None
7fc7c936,7cb9f116-e,Clothing,341.04,10,306.94,Debit Card,10-01-2024,276.24599609375,None
1c98d9cb,9bba74d0-a,Clothing,268.87,10,241.98,Debit Card,09-09-2024,217.7819921875,None
4e6186ba,1d561c87-f,Electronics,30.54,25,22.91,Debit Card,04-05-2024,17.1825,None
2e1fecb3,3b16bf75-a,Toys,326.97,20,261.58,Credit Card,24-05-2024,209.263984375,None
96af0aa4,aa8da6fc-a,Sports,143.47,25,107.6,Debit Card,07-06-2024,80.7,None
99caeb2a,576781f7-3,Books,243.15,50,121.58,Debit Card,15-10-2024,60.79,None
48d36506,6eb3c1f2-9,Home & Kitchen,422.47,15,359.1,Debit Card,27-10-2024,305.235,None
577a37c4,17546bcb-2,Books,243.06,10,218.75,UPI,03-08-2024,196.875,None
bba4c3f8,bb5744d0-b,Home & Kitchen,179.92,25,134.94,Net Banking,07-01-2024,101.205,None
8814e19d,f254b403-8,Books,95.75,5,90.96,UPI,10-05-2024,86.412001953125,None
e08353ad,842dd0ce-5,Electronics,398.4,10,358.56,Debit Card,10-06-2024,322.70400390625,None
6e583aa2,8300126f-c,Toys,447.35,0,447.35,Net Banking,13-05-2024,447.35,None
cd315692,2a4a8474-e,Home & Kitchen,481.84,5,457.75,UPI,29-08-2024,434.8625,None
f01ebb7e,524bb820-b,Toys,112.69,15,95.79,Credit Card,13-03-2024,81.4214990234375,None
db220edd,d9daf14f-5,Electronics,466.59,50,233.29,Net Banking,19-04-2024,116.645,None
d4184040,68912f50-f,Toys,37.83,5,35.94,Credit Card,12-10-2024,34.142998046875,None
60b3a0d1,95991863-9,Beauty,197.76,0,197.76,Debit Card,28-10-2024,197.76,None
077651c7,fb79fc41-8,Sports,308.9,30,216.23,Cash on Delivery,14-04-2024,151.36099609375,None
7ce9d2ad,203a42f4-5,Home & Kitchen,169.15,0,169.15,Debit Card,17-03-2024,169.15,None
b9fba9b9,c42c9409-d,Sports,220.98,30,154.69,Net Banking,23-05-2024,108.282998046875,None
82dd0dcb,0c0daeec-a,Home & Kitchen,218.58,5,207.65,Debit Card,06-08-2024,197.2675,None
ac83afcb,84d390d3-6,Clothing,259.42,20,207.54,Cash on Delivery,05-04-2024,166.0319921875,None
20838914,118c14a6-4,Toys,369.33,5,350.86,UPI,30-06-2024,333.3169921875,None
2d4ac994,1a38d99a-4,Electronics,424.82,50,212.41,Cash on Delivery,31-01-2024,106.205,None
b4f1a440,f5f63eca-8,Sports,426.82,20,341.46,Credit Card,29-03-2024,273.16798828125,None
50d80b4e,ef1c4943-2,Clothing,50.89,20,40.71,Credit Card,20-06-2024,32.567998046875,None
ca8ce9be,b2240a4c-f,Toys,362.6,20,290.08,Cash on Delivery,17-05-2024,232.063984375,None
2ce28bf9,5284add4-d,Clothing,150.55,25,112.91,Cash on Delivery,15-01-2024,84.6825,None
2d6ba8ae,9150cb0b-4,Beauty,48.18,50,24.09,Cash on Delivery,01-10-2024,12.045,None
e4637540,13ac4c2d-9,Beauty,138.64,20,110.91,Credit Card,08-10-2024,88.7280078125,None
40d1379a,6acf0b33-c,Electronics,274.22,25,205.67,Net Banking,19-03-2024,154.2525,None
23921511,d13af207-3,Beauty,327.53,30,229.27,Credit Card,01-02-2024,160.48900390625,None
c1022ceb,6087024c-4,Clothing,477.1,15,405.54,Cash on Delivery,16-11-2024,344.7090234375,None
dfa876d1,4361fa36-a,Beauty,213.97,50,106.98,UPI,25-10-2024,53.49,None
268cf1de,cb7f85a2-c,Sports,305.91,20,244.73,Debit Card,11-09-2024,195.78400390625,None
cf9beee8,d1231bbf-f,Books,109.77,10,98.79,Credit Card,16-11-2024,88.91099609375,None
ac0a5a11,ac5c0b1b-5,Beauty,42.93,0,42.93,UPI,04-11-2024,42.93,None
9e6874ab,e3fbbb68-6,Books,387.69,25,290.77,Net Banking,19-09-2024,218.0775,None
68dfdbfb,1b1beeb3-3,Sports,64.68,30,45.28,Credit Card,14-07-2024,31.69599853515625,None
f747c9ed,e2579884-9,Home & Kitchen,55.0,15,46.75,UPI,11-10-2024,39.7375,None
c640c4ac,7c632a2e-c,Toys,261.36,10,235.22,Credit Card,23-07-2024,211.6980078125,None
e5a5e18d,3fffb302-7,Home & Kitchen,415.54,10,373.99,Cash on Delivery,05-03-2024,336.5909765625,None
6839399d,0d81cb5b-8,Sports,291.5,25,218.62,Net Banking,18-08-2024,163.965,None
4e4016fc,887204fc-0,Books,56.4,5,53.58,Debit Card,30-08-2024,50.9010009765625,None
1117a729,166a45a2-c,Toys,63.96,5,60.76,UPI,15-09-2024,57.7219970703125,None
3c3c8f20,567355fa-3,Home & Kitchen,246.62,0,246.62,Debit Card,31-05-2024,246.62,None
e207d13a,2d4ef699-f,Books,61.7,5,58.62,UPI,24-02-2024,55.6889990234375,None
77809d5c,5e93104b-a,Books,434.51,15,369.33,Credit Card,15-07-2024,313.93048828125,None
3b12089e,00fcb9c0-8,Clothing,350.78,10,315.7,Debit Card,24-06-2024,284.13001953125,None
22b16d50,ec4cfda5-5,Books,137.81,10,124.03,Debit Card,27-10-2024,111.627001953125,None
fdadd527,cc021b5e-8,Beauty,18.74,5,17.8,Debit Card,19-09-2024,16.909998779296874,None
31c5ddc8,10e8a4f7-b,Toys,457.22,5,434.36,Net Banking,02-10-2024,412.6419921875,None
46ce5341,2c91e42a-6,Toys,233.57,0,233.57,Cash on Delivery,18-08-2024,233.57,None
8db52810,5978f0ff-1,Electronics,136.96,25,102.72,UPI,31-10-2024,77.04,None
b370acb7,7e336240-1,Clothing,440.6,25,330.45,UPI,02-05-2024,247.8375,None
25a0d325,e526dc06-e,Electronics,267.99,5,254.59,Cash on Delivery,03-11-2024,241.86048828125,None
b505dce0,6d1515e6-3,Beauty,80.57,25,60.43,Net Banking,28-04-2024,45.3225,None
ffb59cb8,22678cd9-e,Sports,417.36,0,417.36,Cash on Delivery,14-02-2024,417.36,None
125e7014,9aaae28d-d,Electronics,294.52,10,265.07,Net Banking,24-01-2024,238.5630078125,None
3bb0a7a9,6cfb4a90-6,Sports,375.0,20,300.0,UPI,03-03-2024,240.0,None
060cf692,fa76eccc-7,Sports,60.63,25,45.47,UPI,21-03-2024,34.1025,None
00812bf1,c0d8e8ab-4,Clothing,214.26,10,192.83,Cash on Delivery,24-01-2024,173.5469921875,None
bebeda1a,84b8e40f-6,Home & Kitchen,131.08,50,65.54,Net Banking,22-04-2024,32.77,None
661c6fad,a123f1a2-e,Clothing,395.41,10,355.87,Cash on Delivery,13-08-2024,320.28298828125,None
c7fbbb37,bc32e509-c,Electronics,477.0,25,357.75,Credit Card,29-07-2024,268.3125,None
22d2eefa,cacf1f1e-3,Electronics,314.34,50,157.17,Credit Card,12-03-2024,78.585,None
9d02cd04,0c58c336-9,Clothing,232.51,20,186.01,Debit Card,15-02-2024,148.807998046875,None
315b7094,5c0ef37f-2,Books,306.61,20,245.29,Net Banking,03-05-2024,196.2319921875,None
efaf3f1e,a4399143-2,Beauty,271.74,30,190.22,Cash on Delivery,23-03-2024,133.15400390625,None
14a4d873,7ba3966b-5,Sports,363.52,30,254.4